<?xml version="1.0"?>
<schema version="0.3">
    <table name="btVidalThemesOffscreenHero">
        <field name="bID" type="I">
            <key/>
            <unsigned/>
        </field>
        <field name="heroImage" type="I">
            <default value="0"/>
            <unsigned/>
        </field>
        <field name="alignImage" type="C"></field>
        <field name="heroUnitContent" type="X2"></field>
        <field name="contentAnimation" type="C"></field>
        <field name="ofscreenContentColor" type="C"></field>
        <field name="offScreenHeadingsColor" type="C"></field>
        <field name="animateOnce" type="C"></field>
    </table>
</schema>