<?php xml version="1.0"?>
<schema version="0.3">
    <table name="btVidalThemesLightbox">
        <field name="bID" type="I">
            <key/>
            <unsigned/>
        </field>
        <field name="lightboxLargeImage" type="I">
            <default value="0"/>
            <unsigned/>
        </field>
        <field name="lightboxSmallImage" type="I">
            <default value="0"/>
            <unsigned/>
        </field>
        <field name="lightboxCaption" type="C" size="255"></field>
        <field name="altText" type="C" size="255"></field>
        <field name="lightboxGallery" type="C"></field>
        <field name="lightboxTheme" type="C"></field>
    </table>
</schema>