<?php xml version="1.0"?>
<schema version="0.3">
    <table name="btVidalThemesTeam">
        <field name="bID" type="I">
            <key/>
            <unsigned/>
        </field>
        <field name="profileImage" type="I">
            <default value="0"/>
            <unsigned/>
        </field>
        <field name="profileName" type="C" size="255"></field>
        <field name="jobTitle" type="C" size="255"></field>
        <field name="profileBio" type="X2"></field>
        <field name="roundProfilePic" type="C"></field>
        <field name="chooseAnimation" type="C"></field>
        <field name="animationOffset" type="C" size="255"></field>
        <field name="animationSpeed" type="C"></field>
        <field name="animateOnce" type="C" size="1">
            <unsigned/>
        </field>
    </table>
</schema>