<?php xml version="1.0"?>
<schema version="0.3">
    <table name="btVidalThemesIconBox">
        <field name="bID" type="I">
            <key/>
            <unsigned/>
        </field>
        <field name="chooseIcon" type="C" size="100"></field>
        <field name="iconBoxContent" type="X2"></field>
        <field name="iconBoxBorder" type="C"></field>
        <field name="iconColor" type="C" size="25"></field>
        <field name="iconBorder" type="C" size="25"></field>
        <field name="iconBg" type="C" size="25"></field>
        <field name="iconPosition" type="C"></field>
        <field name="chooseAnimation" type="C"></field>
        <field name="animationOffset" type="C" size="255"></field>
        <field name="animationSpeed" type="C"></field>
        <field name="animateOnce" type="C" size="1">
            <unsigned/>
        </field>
    </table>
</schema>