<?php xml version="1.0"?>
<schema version="0.3">
    <table name="btVidalThemesAccordion">
        <field name="bID" type="I">
            <key/>
            <unsigned/>
        </field>
        <field name="openOnStart" type="C"></field>
        <field name="chooseAnimation" type="C"></field>
        <field name="animationOffset" type="C" size="255"></field>
        <field name="animationSpeed" type="C"></field>
        <field name="animateOnce" type="C" size="1">
            <unsigned/>
        </field>
    </table>
    <table name="btVidalThemesAccordionAddAccordionEntries">
        <field name="id" type="I">
            <key/>
            <unsigned/>
            <autoincrement/>
        </field>
        <field name="bID" type="I">
            <unsigned/>
        </field>
        <field name="sortOrder" type="I"></field>
        <field name="accordionHeading" type="C" size="255"></field>
        <field name="accordionContent" type="X2"></field>
    </table>
</schema>