<?xml version="1.0"?>
<schema version="0.3">
    <table name="btVidalThemesHeroUnit">
        <field name="bID" type="I">
            <key/>
            <unsigned/>
        </field>
        <field name="heroUnitHeading" type="C" size="255"></field>
        <field name="heroUnitContent" type="X2"></field>
        <field name="contentAlignment" type="C"></field>
        <field name="heroUnitBackgroundImage" type="I">
            <default value="0"/>
            <unsigned/>
        </field>
        <field name="headingAnimation" type="C"></field>
        <field name="contentAnimation" type="C"></field>
        <field name="heroUnitBottomMargin" type="C" size="13"></field>
        <field name="buttonUrl" type="I"></field>
        <field name="buttonUrl_text" type="C"></field>
        <field name="externalLink" type="C"></field>
        <field name="externalLink_text" type="C"></field>
        <field name="buttonType" type="C"></field>
        <field name="buttonColors" type="C"></field>
        <field name="buttonRadius" type="C"></field>
        <field name="buttonAnimation" type="C"></field>
        <field name="buttonIcons" type="C" size="100"></field>
        <field name="linkPicker" type="C"></field>
    </table>
</schema>