<?xml version="1.0"?>
<schema version="0.3">
    <table name="btVidalThemesPricing">
        <field name="bID" type="I">
            <key/>
            <unsigned/>
        </field>
        <field name="packageHeading" type="C" size="255"></field>
        <field name="packagePrice" type="C" size="13"></field>
        <field name="chargeInterval" type="C" size="255"></field>
        <field name="buttonUrl" type="I"></field>
        <field name="buttonUrl_text" type="C"></field>
        <field name="externalUrl" type="C"></field>
        <field name="externalUrl_text" type="C"></field>
        <field name="buttonType" type="C"></field>
        <field name="buttonColors" type="C"></field>
        <field name="buttonIcons" type="C" size="100"></field>
        <field name="buttonRadius" type="C"></field>
        <field name="borderRadius" type="C"></field>
         <field name="linkPicker" type="C"></field>
        <field name="recommendedColumn" type="C" size="1">
            <unsigned/>
        </field>
        <field name="chooseAnimation" type="C"></field>
        <field name="animationOffset" type="C" size="255"></field>
        <field name="animationSpeed" type="C"></field>
        <field name="animateOnce" type="C" size="1">
            <unsigned/>
        </field>
    </table>
    <table name="btVidalThemesPricingPackageItemsEntries">
        <field name="id" type="I">
            <key/>
            <unsigned/>
            <autoincrement/>
        </field>
        <field name="bID" type="I">
            <unsigned/>
        </field>
        <field name="sortOrder" type="I"></field>
        <field name="packageItem" type="C" size="255"></field>
    </table>
</schema>